"alt","caption","childPosts/0/alt","childPosts/0/caption","childPosts/0/commentsCount","childPosts/0/dimensionsHeight","childPosts/0/dimensionsWidth","childPosts/0/displayUrl","childPosts/0/firstComment","childPosts/0/id","childPosts/0/likesCount","childPosts/0/ownerId","childPosts/0/shortCode","childPosts/0/timestamp","childPosts/0/type","childPosts/0/url","childPosts/1/alt","childPosts/1/caption","childPosts/1/commentsCount","childPosts/1/dimensionsHeight","childPosts/1/dimensionsWidth","childPosts/1/displayUrl","childPosts/1/firstComment","childPosts/1/id","childPosts/1/likesCount","childPosts/1/ownerId","childPosts/1/shortCode","childPosts/1/timestamp","childPosts/1/type","childPosts/1/url","childPosts/2/alt","childPosts/2/caption","childPosts/2/commentsCount","childPosts/2/dimensionsHeight","childPosts/2/dimensionsWidth","childPosts/2/displayUrl","childPosts/2/firstComment","childPosts/2/id","childPosts/2/likesCount","childPosts/2/ownerId","childPosts/2/shortCode","childPosts/2/timestamp","childPosts/2/type","childPosts/2/url","childPosts/3/alt","childPosts/3/caption","childPosts/3/commentsCount","childPosts/3/dimensionsHeight","childPosts/3/dimensionsWidth","childPosts/3/displayUrl","childPosts/3/firstComment","childPosts/3/id","childPosts/3/likesCount","childPosts/3/ownerId","childPosts/3/shortCode","childPosts/3/timestamp","childPosts/3/type","childPosts/3/url","commentsCount","dimensionsHeight","dimensionsWidth","displayUrl","firstComment","hashtags/0","hashtags/1","hashtags/2","hashtags/3","hashtags/4","hashtags/5","hashtags/6","hashtags/7","id","images/0","images/1","images/2","images/3","inputUrl","isSponsored","likesCount","locationId","locationName","mentions/0","musicInfo/artist_name","musicInfo/audio_id","musicInfo/should_mute_audio","musicInfo/should_mute_audio_reason","musicInfo/song_name","musicInfo/uses_original_audio","ownerFullName","ownerId","ownerUsername","productType","shortCode","taggedUsers/0/full_name","taggedUsers/0/id","taggedUsers/0/is_verified","taggedUsers/0/profile_pic_url","taggedUsers/0/username","taggedUsers/1/full_name","taggedUsers/1/id","taggedUsers/1/is_verified","taggedUsers/1/profile_pic_url","taggedUsers/1/username","timestamp","type","url","videoDuration","videoPlayCount","videoUrl","videoViewCount"
,"Công nghệ ánh sáng sinh học bước sóng 810nm giảm đỏ, giảm sưng giúp các tổn thương da lành nhanh hơn! #pensilia #pensiliahcm #",,,,,,,,,,,,,,,,,,,,,,,,,,,,,,,,,,,,,,,,,,,,,,,,,,,,,,,,,"0","1333","750","https://scontent.cdninstagram.com/v/t51.29350-15/434657237_971664301297199_121385343522113336_n.jpg?stp=dst-jpg_e15&_nc_ht=scontent.cdninstagram.com&_nc_cat=111&_nc_ohc=sOL1jQFik3gAb75bo0G&edm=APs17CUBAAAA&ccb=7-5&oh=00_AfCuxufH1Cxi3vj33uS7Pw7x_X5SOaEJH0ub-OMddoGKgw&oe=66224BC4&_nc_sid=10d13b","","pensilia","pensiliahcm",,,,,,,"3335104748049945002",,,,,"https://www.instagram.com/pensilia_clinic/","false","1","798734680312252","Pensilia",,"pensilia_clinic","338147015398599","false","","Original audio","true","Pensilia Beauty Clinic","243790200","pensilia_clinic","clips","C5IrBkkPFGq",,,,,,,,,,,"2024-03-30T10:47:19.000Z","Video","https://www.instagram.com/p/C5IrBkkPFGq/","22.4","34","https://scontent.cdninstagram.com/v/t50.2886-16/434866216_383944934537534_7891763877196706736_n.mp4?_nc_ht=scontent.cdninstagram.com&_nc_cat=102&_nc_ohc=SIdH4tmNm6kAb75X4vK&edm=APs17CUBAAAA&ccb=7-5&oh=00_AfBjOw6DgDdUrL_iwW89j_eTWx86ge0SOxt9VViUbtkHag&oe=66222664&_nc_sid=10d13b","8"
,"[KHỎE & ĐẸP] CÙNG CHUYÊN ""DA"" 
Nguyên nhân gây nên bệnh Zona và Thủy đậu 
Zona thần kinh hay còn một cách gọi khác là Giời leo theo dân gian của chúng ta. Cả Zona và Thủy đậu đều là do cùng 1 chùng loại virus gây nên. Chúng phá hủy hệ miễn dịch làm cơ thể suy yếu, làm cho chúng ta mắc bênh. 
Tuy nhiên thời gian bệnh chỉ kéo dài từ 5-7 ngày. Sau đó sẽ tự thuyên giảm, tuy nhiên một số trường hợp nặng là do bạn cùng lúc gặp phải nhiễm trùng. Vì thế khi mắc bệnh bạn nên đến thăm khám và chữa trị kịp thời nhé! 
__________________________
HỆ THỐNG PHÒNG KHÁM DA LIỄU THẨM MỸ 𝗣𝗘𝗡𝗦𝗜𝗟𝗜𝗔
🍀 Chi nhánh Tp. Hồ Chí Minh: 413 - 415 Nguyễn Đình Chiểu, P.5, Quận 3, Tp.HCM.
➖ Hotline: 0924.777.885
🍀 Chi nhánh Đồng Nai: Tầng lửng TTC Plaza 53-55 Võ Thị Sáu, Tp.Biên Hòa, Đồng Nai.
➖ Hotline: 032.6666.247
🍀 Chi nhánh Vũng Tàu: 187 Lê Lợi, P.Thắng Nhì, Tp.Vũng Tàu, Bà Rịa Vũng Tàu.
➖ Hotline: 034.5555.247
____________________________
Hotline CSKH: 0️⃣9️⃣3️⃣8️⃣7️⃣7️⃣7️⃣8️⃣8️⃣5️⃣
🔸 Youtube: www.youtube.com/@PensiliaClinic
🔸 Fanpage: Pensilia
🔸 Instagram: www.instagram.com/pensilia_clinic
🔸 Website: pensilia.com 
#pensilia #pensiliahcm #zona #thủy_đậu",,,,,,,,,,,,,,,,,,,,,,,,,,,,,,,,,,,,,,,,,,,,,,,,,,,,,,,,,"0","1920","1080","https://scontent.cdninstagram.com/v/t51.29350-15/436524517_6582616465174349_7370832320035872399_n.jpg?stp=dst-jpg_e35_p1080x1080_sh0.08&_nc_ht=scontent.cdninstagram.com&_nc_cat=105&_nc_ohc=1NXHUu0afucAb5dFVIm&edm=APs17CUBAAAA&ccb=7-5&oh=00_AfARHjMBjNFZIqzpUPrSpr7Q28V49lF4ahE4EZA-w81EYg&oe=66222482&_nc_sid=10d13b","","pensilia","pensiliahcm","zona","thủy_đậu",,,,,"3341383192454187109",,,,,"https://www.instagram.com/pensilia_clinic/","false","0","798734680312252","Pensilia","PensiliaClinic","pensilia_clinic","264341956753942","false","","Original audio","true","Pensilia Beauty Clinic","243790200","pensilia_clinic","clips","C5e-k9ksUhl",,,,,,,,,,,"2024-04-08T02:41:48.000Z","Video","https://www.instagram.com/p/C5e-k9ksUhl/","88.811","34","https://scontent.cdninstagram.com/v/t66.30100-16/10000000_372855969074714_6723038933663367248_n.mp4?_nc_ht=scontent.cdninstagram.com&_nc_cat=102&_nc_ohc=avMP69BTrKQAb6PHN1v&edm=APs17CUBAAAA&ccb=7-5&oh=00_AfAywgTxJv5D31mAqOCB2FK_J8f9abZzBIYMM0WQFBw3vA&oe=66224430&_nc_sid=10d13b","9"
,"Cấy tinh chất cân chỉnh tổng thể giúp gương mặt cân đối và rõ đường nét tại phòng khám Pensilia #pensilia #pensiliahcm #filler #botox",,,,,,,,,,,,,,,,,,,,,,,,,,,,,,,,,,,,,,,,,,,,,,,,,,,,,,,,,"0","1920","1080","https://scontent.cdninstagram.com/v/t51.29350-15/434469678_806019394702920_6916049822073963630_n.jpg?stp=dst-jpg_e35_p1080x1080_sh0.08&_nc_ht=scontent.cdninstagram.com&_nc_cat=100&_nc_ohc=6qRjZchKY_4Ab5cgIct&edm=APs17CUBAAAA&ccb=7-5&oh=00_AfCRZN94E_cOvyXnP9NyGxdG7Uj-ZfwaLsJzeU4NT-L1Dw&oe=66222A81&_nc_sid=10d13b","","pensilia","pensiliahcm","filler","botox",,,,,"3332120473574124215",,,,,"https://www.instagram.com/pensilia_clinic/","false","4","798734680312252","Pensilia",,"pensilia_clinic","1138416280513191","false","","Original audio","true","Pensilia Beauty Clinic","243790200","pensilia_clinic","clips","C4-EeqYMSq3",,,,,,,,,,,"2024-03-26T07:56:29.000Z","Video","https://www.instagram.com/p/C4-EeqYMSq3/","18.8","85","https://scontent.cdninstagram.com/v/t66.30100-16/323847751_3681643212081316_3113636336314065898_n.mp4?_nc_ht=scontent.cdninstagram.com&_nc_cat=104&_nc_ohc=e36pOB5RV7EAb75ETAn&edm=APs17CUBAAAA&ccb=7-5&oh=00_AfD7ELVv6mkI0ixrN7cFCsEoNLeX4Q41AbytIwKiy111Jg&oe=6622396C&_nc_sid=10d13b","27"
,"TRẢI NGHIỆM LIỆU TRÌNH CẢI THIỆN SẮC TỐ PENWHITE - SKINC CÙNG CHỊ THÁI VÂN LINH​
​
Cùng theo dõi trải nghiệm của chị Thái Vân Linh với liệu trình PenWhite - SkinC từ Pensilia Beauty Clinic kết hợp cùng SkinCeuticals giúp cải thiện các dấu hiệu lão hóa: kết cấu, sắc tố như đốm nâu, tàn nhang, da không đều màu...​
​
PenWhite - SkinC là liệu trình độc quyền hợp tác giữa Thạc sĩ - Bác sĩ CKII. Nguyễn Phương Thảo - Giám đốc chuyên môn Pensilia Beauty Clinic và SkinCeuticals dựa trên triết lý chăm sóc da tích hợp: kết hợp chăm sóc da tại clinic và tại nhà giúp tối ưu và kéo dài hiệu quả. Liệu trình kết hợp các công nghệ hiện đại như Laser Đồng ánh sáng kép trắng sáng, Laser Pico Toning cùng các sản phẩm từ SkinCeuticals: C E Ferulic, H.A. Intensifier, Triple Lipid Restore 2:4:2. ​
​",,,,,,,,,,,,,,,,,,,,,,,,,,,,,,,,,,,,,,,,,,,,,,,,,,,,,,,,,"0","1350","1080","https://scontent.cdninstagram.com/v/t51.29350-15/436493720_7707822575928084_5839725358073295972_n.jpg?stp=dst-jpg_e35_p1080x1080_sh0.08&_nc_ht=scontent.cdninstagram.com&_nc_cat=100&_nc_ohc=nOvjmIecXIcAb7IiEF1&edm=APs17CUBAAAA&ccb=7-5&oh=00_AfAZpSTG47M795cKY4430o3mEUpiNp_M2y-6VY2HfzReNA&oe=662242D1&_nc_sid=10d13b","",,,,,,,,,"3343094558269541787",,,,,"https://www.instagram.com/pensilia_clinic/","false","2",,,,"pensilia_clinic","439047702125977","false","","Original audio","true","Pensilia Beauty Clinic","243790200","pensilia_clinic","clips","C5lDsnMMo2b","Linh Thai / Thái Vân Linh","7616228661","false","https://scontent.cdninstagram.com/v/t51.2885-19/425354746_1333996341328496_1795323765328657134_n.jpg?stp=dst-jpg_s150x150&_nc_ht=scontent.cdninstagram.com&_nc_cat=108&_nc_ohc=bPJdvGPfn9cAb4dkJ98&edm=APs17CUBAAAA&ccb=7-5&oh=00_AfDDS4E8ksKUbymryh_8Fj1GY3aKBhswpVbjQL1bHs0J5Q&oe=66261D05&_nc_sid=10d13b","linhthaiofficial","Nguyen Phuong Thao","2218829640","false","https://scontent.cdninstagram.com/v/t51.2885-19/361614228_1478778132939315_1258271908811566617_n.jpg?stp=dst-jpg_s150x150&_nc_ht=scontent.cdninstagram.com&_nc_cat=103&_nc_ohc=QDDEcJthCoQAb5YRFDK&edm=APs17CUBAAAA&ccb=7-5&oh=00_AfA2i6H26auIBiDldShALPbOWmFNVZDm4qxbgrAB8UsvDg&oe=66262354&_nc_sid=10d13b","dr_nguyen_phuong_thao","2024-04-10T11:21:12.000Z","Video","https://www.instagram.com/p/C5lDsnMMo2b/","69.66","120","https://scontent.cdninstagram.com/v/t66.30100-16/316276227_1124339458689327_2217543253255749123_n.mp4?_nc_ht=scontent.cdninstagram.com&_nc_cat=103&_nc_ohc=57bg1SDUuvkAb6IVUqe&edm=APs17CUBAAAA&ccb=7-5&oh=00_AfAVQAP6dGa4UAUxE_xWZmpwTmvbmhiXgm2neE2fSETPYA&oe=66221B4E&_nc_sid=10d13b","19"
"Photo by Pensilia Beauty Clinic in Pensilia. May be an image of 1 person and text that says 'PENSILIA BEAUTY CLINIC TẠO DÁNG CẰM TÀI LỘC Kỹ Thuật tạo hình tỉ mỉ Dáng Cằm cân đối Cân Chỉnh toàn toàndiện diện www.pensilia.com 0938 777 885'.","🔰TẠO DÁNG CẰM TÀI LỘC 🔰
CẢI TƯỚNG ĐỔI VẬN - THU HÚT VẬN MAY 
Phong thủy tướng số là một trong khía cạnh tâm linh được rất nhiều khách hàng quan tâm. Nhất là với những đối lĩnh vực kinh doanh, buôn bán. Họ không chỉ sưu tầm những vật phẩm thu hút tài lộc. Mà còn yêu thích việc làm đẹp diện mạo một cách cân đối để được hanh thông tiền tài, vận may, đỗ đạt. 

Điển hình như trường hợp dưới đây, nhà Pensilia đã thực hiện tạo hình dáng cằm Tài Lộc. Về mặt thẩm mỹ dáng cằm cân đối sẽ làm gương mặt trông dài và thon hơn. Như trường hợp dưới đây khách hàng đã có sẵn độ dài của cằm, nhưng lại thiếu đi độ nhô khiến gương mặt trở nên ngắn. 
Chính vì vậy, mà đội ngũ bác sĩ đã quyết định sử dụng kỹ thuật cấy tinh chất để tạo thêm độ nhô vừa phải cho cằm.

 Về mặt phong thủy tướng số thì người có chiếc cằm dài sẽ được nhiều người yêu mến, là người trọn tình trọn nghĩa. Nhận được nhiều sự hỗ trợ từ bạn bè, đồng nghiệp và cấp dưới. 
Từ đây cho thấy dáng cằm cân đối không chỉ giúp khuôn mặt thon gọn và thanh thoát hơn. Mà còn giúp chúng ta được quý mến, được hỗ trợ trong công việc, cuộc sống. Sự nghiệp thăng tiến, mối quan hệ bạn bè được cải thiện. 
#filler #tiêmfiller #tiêm_cằm #pensilia",,,,,,,,,,,,,,,,,,,,,,,,,,,,,,,,,,,,,,,,,,,,,,,,,,,,,,,,,"0","750","750","https://scontent.cdninstagram.com/v/t51.29350-15/435410429_1861352040944537_2008203840255455882_n.jpg?stp=dst-jpg_e15&_nc_ht=scontent.cdninstagram.com&_nc_cat=105&_nc_ohc=F0_7FMGJ6IIAb5YoRkX&edm=APs17CUBAAAA&ccb=7-5&oh=00_AfBywUBBHfvmXNlkh3FcZdyatD0Ys4GwS2qCcsd9KHW3gA&oe=66261567&_nc_sid=10d13b","","filler","tiêmfiller","tiêm_cằm","pensilia",,,,,"3337966455288508668",,,,,"https://www.instagram.com/pensilia_clinic/","false","0","798734680312252","Pensilia",,,,,,,,"Pensilia Beauty Clinic","243790200","pensilia_clinic",,"C5S1s5HpDD8",,,,,,,,,,,"2024-04-03T09:30:31.000Z","Image","https://www.instagram.com/p/C5S1s5HpDD8/",,,,
,"Cấy Meso đúng kỹ thuật sẽ như thế nào? Cùng đón xem ví dụ cụ thể từ bác sĩ Thảo bạn nhé! #pensilia #pensiliahcm #mesotherapy_căng_bóng_da #mesotherapy",,,,,,,,,,,,,,,,,,,,,,,,,,,,,,,,,,,,,,,,,,,,,,,,,,,,,,,,,"0","1920","1080","https://scontent-lhr6-2.cdninstagram.com/v/t51.29350-15/435148137_1106401300598381_1072244685788605201_n.jpg?stp=dst-jpg_e35_p1080x1080_sh0.08&_nc_ht=scontent-lhr6-2.cdninstagram.com&_nc_cat=105&_nc_ohc=9jsyiAuxx50Ab6Ww5YT&edm=APs17CUBAAAA&ccb=7-5&oh=00_AfDoinDYHVmsqDllynAZCgvF1zj7Un_SfnqS86PusMEQLw&oe=66224ED5&_nc_sid=10d13b","","pensilia","pensiliahcm","mesotherapy_căng_bóng_da","mesotherapy",,,,,"3336345052932953437",,,,,"https://www.instagram.com/pensilia_clinic/","false","3","798734680312252","Pensilia",,"pensilia_clinic","401953602448651","false","","Original audio","true","Pensilia Beauty Clinic","243790200","pensilia_clinic","clips","C5NFCYgM1Vd",,,,,,,,,,,"2024-04-01T03:49:51.000Z","Video","https://www.instagram.com/p/C5NFCYgM1Vd/","50.921","46","https://scontent-lhr8-1.cdninstagram.com/v/t66.30100-16/316165984_1395219521178359_3215070815470322618_n.mp4?_nc_ht=scontent-lhr8-1.cdninstagram.com&_nc_cat=111&_nc_ohc=GjuCcT3lnIsAb4C95ZX&edm=APs17CUBAAAA&ccb=7-5&oh=00_AfAgWYQ7lpikhYAS0kCvFSn3A4FtpId0_7OUko3pTKDTJA&oe=6622471B&_nc_sid=10d13b","15"
"Photo by Pensilia Beauty Clinic in Pensilia. May be an image of 5 people and text that says 'PENSILIA BEAUTY CLINIC 말마가 PEN WHITE Pen làm trắng PEN YOUNG Pen làm trẻ www.pensilia.com 0938 777 885'.","PEN YOUNG - PEN WHITE 
BẠN CHỌN PEN NÀO? 
Pen Young và Pen White là một trong 4 liệu trình “đình đám” của nhà Pensilia. Những từ khóa chỉnh để bạn dễ dàng nhớ đến 2 liệu trình này đơn giản như sau: 
🏷Pen Young - Chìa khóa giúp bạn sở hữu làn da không tuổi, căng mọng
Liệu pháp làm đẹp tự nhiên không để lại dấu vết, không đau, không gây kích ứng kể cả làn da nhạy cảm. Pen Young phù hợp với mọi làn da, mọi lứa tuổi. Đáp ứng được cả 3 tiêu chí TRẺ HÓA - PHỤC HỒI - SÁNG DA.
🏷Pen White - Giải pháp cấp tốc cho những làn da cần được bật tông trắng sáng ngay lập tức
Không để lại dấu vết vì được thực hiện hoàn toàn bằng công nghệ sóng hiện đại. Không đau, không châm chích không khiến da bị kích ứng. Cực kỳ dịu nhẹ giúp da phục hồi tông trắng sáng và phù hợp với xu hướng làm đẹp tự nhiên 
Điểm chung của 2 liệu trình này là đều nằm trong các bước phục hồi da. Phù hợp với nhiều đối tượng, nền da khác nhau. Bạn có thể lựa chọn thực hiện xen kẽ hai liệu trình này để làn da vừa có tông trắng sáng vừa tươi trẻ. 
👉Làn da của bạn là duy nhất, để cải thiện các tình trạng của da hãy đến gặp bác sĩ da liễu để có phác đồ điều trị riêng biệt bạn nhé!
__________________________
HỆ THỐNG PHÒNG KHÁM DA LIỄU THẨM MỸ 𝗣𝗘𝗡𝗦𝗜𝗟𝗜𝗔
🍀 Chi nhánh Tp. Hồ Chí Minh: 413 - 415 Nguyễn Đình Chiểu, P.5, Quận 3, Tp.HCM.
➖ Hotline: 0924.777.885
🍀 Chi nhánh Đồng Nai: Tầng lửng TTC Plaza 53-55 Võ Thị Sáu, Tp.Biên Hòa, Đồng Nai.
➖ Hotline: 032.6666.247
🍀 Chi nhánh Vũng Tàu: 187 Lê Lợi, P.Thắng Nhì, Tp.Vũng Tàu, Bà Rịa Vũng Tàu.
➖ Hotline: 034.5555.247
____________________________
Hotline CSKH: 0️⃣9️⃣3️⃣8️⃣7️⃣7️⃣7️⃣8️⃣8️⃣5️⃣
🔸 Youtube: www.youtube.com/@PensiliaClinic
🔸 Fanpage: Pensilia
🔸 Instagram: www.instagram.com/pensilia_clinic
🔸 Website: pensilia.com 
#pensilia #pensiliahcm #pen_white #pen_yuong",,,,,,,,,,,,,,,,,,,,,,,,,,,,,,,,,,,,,,,,,,,,,,,,,,,,,,,,,"0","750","750","https://scontent.cdninstagram.com/v/t51.29350-15/435250003_791720759496598_4129202557072495500_n.jpg?stp=dst-jpg_e15&_nc_ht=scontent.cdninstagram.com&_nc_cat=110&_nc_ohc=XK8XIi6N6BMAb7bEv_P&edm=APs17CUBAAAA&ccb=7-5&oh=00_AfAOCKdegSgWeVeffdiWPW4jjiIAmnth253IYN_IfM_JIw&oe=662621A8&_nc_sid=10d13b","","pensilia","pensiliahcm","pen_white","pen_yuong",,,,,"3336996836006764220",,,,,"https://www.instagram.com/pensilia_clinic/","false","0","798734680312252","Pensilia","PensiliaClinic",,,,,,,"Pensilia Beauty Clinic","243790200","pensilia_clinic",,"C5PZPEyyR68",,,,,,,,,,,"2024-04-02T01:24:03.000Z","Image","https://www.instagram.com/p/C5PZPEyyR68/",,,,
,"Công nghệ Tái tạo màng đáy Pro độc quyền tại Pensilia với nhiều tính năng vượt trội như: 
👉Trẻ hóa làn da, tái tạo cấu trúc đàn hồi 
👉Se khít lỗ chân lông hiệu quả 
👉Năng cơ săn chắc các vùng da bị chảy xệ 
👉Giải quyết các vấn đề như sắc tố, sẹo, mụn,...
Bạn đang gặp các vấn đề về lan da hãy liên hệ với Pensilia ngay nhé! 
#pensilia #pensiliahcm #tái_tạo_màng_đáy_pro",,,,,,,,,,,,,,,,,,,,,,,,,,,,,,,,,,,,,,,,,,,,,,,,,,,,,,,,,"0","1920","1080","https://scontent.cdninstagram.com/v/t51.29350-15/435344800_1151742102506426_457219208505798373_n.jpg?stp=dst-jpg_e35_p1080x1080_sh0.08&_nc_ht=scontent.cdninstagram.com&_nc_cat=102&_nc_ohc=eIk-NZMj8IcAb492aig&edm=APs17CUBAAAA&ccb=7-5&oh=00_AfD8UwtrmPxYvHUGK0sa48GPY3SeY7g6X1DIudSkP_VPfQ&oe=66222B6B&_nc_sid=10d13b","","pensilia","pensiliahcm","tái_tạo_màng_đáy_pro",,,,,,"3338676668808161641",,,,,"https://www.instagram.com/pensilia_clinic/","false","1","798734680312252","Pensilia",,"pensilia_clinic","424323626954561","false","","Original audio","true","Pensilia Beauty Clinic","243790200","pensilia_clinic","clips","C5VXL3AMelp",,,,,,,,,,,"2024-04-04T09:04:01.000Z","Video","https://www.instagram.com/p/C5VXL3AMelp/","33.111","38","https://scontent.cdninstagram.com/v/t66.30100-16/162974420_833341445499514_5203469430490338199_n.mp4?_nc_ht=scontent.cdninstagram.com&_nc_cat=110&_nc_ohc=O4MJjBNBqQ8Ab4pDmkG&edm=APs17CUBAAAA&ccb=7-5&oh=00_AfDH_7nF8Qke_otlhDldiFhn2LLsghalNNy_RYSiQAYloQ&oe=662230ED&_nc_sid=10d13b","5"
"Photo by Pensilia Beauty Clinic on March 27, 2024. May be an image of ‎11 people and ‎text that says '‎ုူ္ PENSILIA BEAUTYCLINIC BEAUTY CLINIC P שהב: www.pensilia.com 0938 0938777885 777 885‎'‎‎.","💁[PEN DAILY] Mỗi ngày chọn một niềm vui, vui nhất là khi thấy khách hàng có sự thay đổi tích cực về diện mạo theo từng ngày. 
Mỗi ngày một sự thay đổi, mỗi lần gặp gỡ diện mạo lại thêm phần thăng hạng. Đây chính là điều mà phòng khám vô cùng tự hào đã và đang thực hiện đúng sứ mệnh của mình. Hồi sinh các làn da gặp vấn đề sắc tố, cải thiện các tình trạng sẹo, mụn, thâm lâu năm.
👉Làn da của bạn là duy nhất, để cải thiện các tình trạng của da hãy đến gặp bác sĩ da liễu để có phác đồ điều trị riêng biệt bạn nhé!
__________________________
HỆ THỐNG PHÒNG KHÁM DA LIỄU THẨM MỸ 𝗣𝗘𝗡𝗦𝗜𝗟𝗜𝗔
🍀 Chi nhánh Tp. Hồ Chí Minh: 413 - 415 Nguyễn Đình Chiểu, P.5, Quận 3, Tp.HCM.
➖ Hotline: 0924.777.885
🍀 Chi nhánh Đồng Nai: Tầng lửng TTC Plaza 53-55 Võ Thị Sáu, Tp.Biên Hòa, Đồng Nai.
➖ Hotline: 032.6666.247
🍀 Chi nhánh Vũng Tàu: 187 Lê Lợi, P.Thắng Nhì, Tp.Vũng Tàu, Bà Rịa Vũng Tàu.
➖ Hotline: 034.5555.247
____________________________
Hotline CSKH: 0️⃣9️⃣3️⃣8️⃣7️⃣7️⃣7️⃣8️⃣8️⃣5️⃣
🔸 Youtube: www.youtube.com/@PensiliaClinic
🔸 Fanpage: Pensilia
🔸 Instagram: www.instagram.com/pensilia_clinic
🔸 Website: pensilia.com 
#pensilia #pensiliahcm #pen_daily #sắc_tố_da #sẹo_mụn #thâm_mụn","Photo by Pensilia Beauty Clinic on March 27, 2024. May be an image of ‎11 people and ‎text that says '‎ုူ္ PENSILIA BEAUTYCLINIC BEAUTY CLINIC P שהב: www.pensilia.com 0938 0938777885 777 885‎'‎‎.","","0","750","750","https://scontent.cdninstagram.com/v/t51.29350-15/434578984_2956616511146497_1464369060864360538_n.jpg?stp=dst-jpg_e15&_nc_ht=scontent.cdninstagram.com&_nc_cat=101&_nc_ohc=JHzQnRlCJEwAb4gKrEd&edm=APs17CUBAAAA&ccb=7-5&oh=00_AfCzmUY0Gn90Te1NM9o-8a5AEGBsHXNId8Z5UOlf0CjIQA&oe=66260F69&_nc_sid=10d13b","","3333517018176915453",,,"C5DCBD5J4f9",,"Image","https://www.instagram.com/p/C5DCBD5J4f9/","Photo by Pensilia Beauty Clinic on March 27, 2024. May be an image of 1 person and text.","","0","750","750","https://scontent.cdninstagram.com/v/t51.29350-15/434587836_1433170210657954_1096774330963627038_n.jpg?stp=dst-jpg_e15&_nc_ht=scontent.cdninstagram.com&_nc_cat=110&_nc_ohc=xEzqAYW2fXoAb7B3Gbm&edm=APs17CUBAAAA&ccb=7-5&oh=00_AfCtqD3OSbk86bdLwsy0RSU9r09M9Q_8FCKxbk7PfTv3GQ&oe=66261B60&_nc_sid=10d13b","","3333517018185209534",,,"C5DCBD5pha-",,"Image","https://www.instagram.com/p/C5DCBD5pha-/","Photo by Pensilia Beauty Clinic on March 27, 2024. May be an image of 2 people, hospital and text that says 'PENSILIA BEAUTY CLINIC SILIEOIY www.pensilia.com 0938 777 885'.","","0","750","750","https://scontent.cdninstagram.com/v/t51.29350-15/434593184_385288160972282_3940585472479435740_n.jpg?stp=dst-jpg_e15&_nc_ht=scontent.cdninstagram.com&_nc_cat=102&_nc_ohc=qoIODj1MCX8Ab4q810z&edm=APs17CUBAAAA&ccb=7-5&oh=00_AfDMpPOgoMjeu9vHRjvaN-PPL0zQUIHuCT-PxPGLBk6KVg&oe=662610C2&_nc_sid=10d13b","","3333517018185089936",,,"C5DCBD5pEOQ",,"Image","https://www.instagram.com/p/C5DCBD5pEOQ/","Photo by Pensilia Beauty Clinic on March 27, 2024. May be an image of 2 people and text.","","0","750","750","https://scontent.cdninstagram.com/v/t51.29350-15/434564118_432282369282583_3582450516726527482_n.jpg?stp=dst-jpg_e15&_nc_ht=scontent.cdninstagram.com&_nc_cat=107&_nc_ohc=iEWKi_nv-bgAb4NU8US&edm=APs17CUBAAAA&ccb=7-5&oh=00_AfC6EkS5v0TZ1Rkvy5B7ADI0W4XeqxeDzWFZ9Vd3lR2mOA&oe=66262C95&_nc_sid=10d13b","","3333517018185288483",,,"C5DCBD5p0sj",,"Image","https://www.instagram.com/p/C5DCBD5p0sj/","0","750","750","https://scontent.cdninstagram.com/v/t51.29350-15/434578984_2956616511146497_1464369060864360538_n.jpg?stp=dst-jpg_e15&_nc_ht=scontent.cdninstagram.com&_nc_cat=101&_nc_ohc=JHzQnRlCJEwAb4gKrEd&edm=APs17CUBAAAA&ccb=7-5&oh=00_AfCzmUY0Gn90Te1NM9o-8a5AEGBsHXNId8Z5UOlf0CjIQA&oe=66260F69&_nc_sid=10d13b","","pensilia","pensiliahcm","pen_daily","sắc_tố_da","sẹo_mụn","thâm_mụn",,,"3333517024996678760","https://scontent.cdninstagram.com/v/t51.29350-15/434578984_2956616511146497_1464369060864360538_n.jpg?stp=dst-jpg_e15&_nc_ht=scontent.cdninstagram.com&_nc_cat=101&_nc_ohc=JHzQnRlCJEwAb4gKrEd&edm=APs17CUBAAAA&ccb=7-5&oh=00_AfCzmUY0Gn90Te1NM9o-8a5AEGBsHXNId8Z5UOlf0CjIQA&oe=66260F69&_nc_sid=10d13b","https://scontent.cdninstagram.com/v/t51.29350-15/434587836_1433170210657954_1096774330963627038_n.jpg?stp=dst-jpg_e15&_nc_ht=scontent.cdninstagram.com&_nc_cat=110&_nc_ohc=xEzqAYW2fXoAb7B3Gbm&edm=APs17CUBAAAA&ccb=7-5&oh=00_AfCtqD3OSbk86bdLwsy0RSU9r09M9Q_8FCKxbk7PfTv3GQ&oe=66261B60&_nc_sid=10d13b","https://scontent.cdninstagram.com/v/t51.29350-15/434593184_385288160972282_3940585472479435740_n.jpg?stp=dst-jpg_e15&_nc_ht=scontent.cdninstagram.com&_nc_cat=102&_nc_ohc=qoIODj1MCX8Ab4q810z&edm=APs17CUBAAAA&ccb=7-5&oh=00_AfDMpPOgoMjeu9vHRjvaN-PPL0zQUIHuCT-PxPGLBk6KVg&oe=662610C2&_nc_sid=10d13b","https://scontent.cdninstagram.com/v/t51.29350-15/434564118_432282369282583_3582450516726527482_n.jpg?stp=dst-jpg_e15&_nc_ht=scontent.cdninstagram.com&_nc_cat=107&_nc_ohc=iEWKi_nv-bgAb4NU8US&edm=APs17CUBAAAA&ccb=7-5&oh=00_AfC6EkS5v0TZ1Rkvy5B7ADI0W4XeqxeDzWFZ9Vd3lR2mOA&oe=66262C95&_nc_sid=10d13b","https://www.instagram.com/pensilia_clinic/","false","3","798734680312252","Pensilia","PensiliaClinic",,,,,,,"Pensilia Beauty Clinic","243790200","pensilia_clinic",,"C5DCBKPpNxo",,,,,,,,,,,"2024-03-28T06:10:17.000Z","Sidecar","https://www.instagram.com/p/C5DCBKPpNxo/",,,,
"Photo by Pensilia Beauty Clinic in Pensilia. May be an image of 1 person and text that says 'PENSILIA BEAUTY CLINIC NHỮNG BIỂU HIỆN THƯỜNG THẤY CỦA RỐI LOẠN SẮC TỐ TỐDA www.pensilia.com 0938 0938777885 777 885'.","RỐI LOẠN SẮC TỐ DA có những biển hiện thường thấy nào?
Thông về các vấn đề của làn da chúng ta sẽ biết đến là nám sạm, đốm nâu, tàn nhang,.. Thực tế tên gọi chung của chúng sẽ là rối loạn sắc tố da. Chỉ chung về các tình trạng màu sắc của da không bình thường. Có dấu hiệu xuất hiện các đốm sắc tố khác biệt ảnh hưởng đến thẩm mỹ của gương mặt. 
Để có thể nhận biết được làn da đang bị rối loạn sắc tố bạn có thể quan sát các dấu hiệu sau đây:
⚡ Da xuất hiện các đốm nâu, nám, tàn nhang: Đây là dấu hiệu phổ biến nhất của rối loạn sắc tố da. Các đốm nâu có thể xuất hiện ở bất kỳ vị trí nào trên cơ thể, nhưng thường gặp nhất ở mặt, tay và ngực.
⚡ Da không đều màu: Da có thể bị sẫm màu hoặc nhạt màu hơn bình thường ở một số vùng nhất định.
⚡ Da xuất hiện các mảng trắng: Đây có thể là dấu hiệu của bệnh bạch biến, một tình trạng tự miễn dịch khiến cơ thể tấn công các tế bào sản xuất melanin.
⚡ Da bị sạm nắng: Da có thể trở nên sẫm màu hơn sau khi tiếp xúc với ánh nắng mặt trời.
Để cải thiện các vấn đề của sắc tố da tại Pensilia sẽ kết hợp nhiều phương pháp, công nghệ trong 1 phác đồ. Điển hình một số công nghệ đình đám mà phòng khám sử dụng là: 
👉Laser đồng - Tiêu chuẩn vàng điều trị nám 
👉Laser đa xung - Tái tạo lớp sắc tố bề mặt 
👉Laser 755 - Thế hệ mới đánh bay sắc tố nhanh chóng 
👉Laser Nano - Phục hồi các tổn thường về sắc tố da 
Làn da của bạn là duy nhất, để cải thiện các tình trạng của da hãy đến gặp bác sĩ da liễu để có phác đồ điều trị riêng biệt bạn nhé!
__________________________
HỆ THỐNG PHÒNG KHÁM DA LIỄU THẨM MỸ 𝗣𝗘𝗡𝗦𝗜𝗟𝗜𝗔
🍀 Chi nhánh Tp. Hồ Chí Minh: 413 - 415 Nguyễn Đình Chiểu, P.5, Quận 3, Tp.HCM.
➖ Hotline: 0924.777.885
🍀 Chi nhánh Đồng Nai: Tầng lửng TTC Plaza 53-55 Võ Thị Sáu, Tp.Biên Hòa, Đồng Nai.
➖ Hotline: 032.6666.247
🍀 Chi nhánh Vũng Tàu: 187 Lê Lợi, P.Thắng Nhì, Tp.Vũng Tàu, Bà Rịa Vũng Tàu.
➖ Hotline: 034.5555.247
____________________________
Hotline CSKH: 0️⃣9️⃣3️⃣8️⃣7️⃣7️⃣7️⃣8️⃣8️⃣5️⃣
🔸 Youtube: www.youtube.com/@PensiliaClinic
🔸 Fanpage: Pensilia
🔸 Instagram: www.instagram.com/pensilia_clinic
🔸 Website: pensilia.com 
#pensilia #pensiliahcm #sắc_tố_da #nám_sạm #laser_đồng #laser755nm",,,,,,,,,,,,,,,,,,,,,,,,,,,,,,,,,,,,,,,,,,,,,,,,,,,,,,,,,"0","750","750","https://scontent.cdninstagram.com/v/t51.29350-15/436748642_831367708816034_3078278744785188637_n.jpg?stp=dst-jpg_e15&_nc_ht=scontent.cdninstagram.com&_nc_cat=102&_nc_ohc=iUVvms3kR8kAb6B9Rqm&edm=APs17CUBAAAA&ccb=7-5&oh=00_AfC7I7E5Z4WgqfEBhQEGlfEUz-yr8Eab1HQQ8b9cw68cZQ&oe=66263DBF&_nc_sid=10d13b","","pensilia","pensiliahcm","sắc_tố_da","nám_sạm","laser_đồng","laser755nm",,,"3343568384731598144",,,,,"https://www.instagram.com/pensilia_clinic/","false","0","798734680312252","Pensilia","PensiliaClinic",,,,,,,"Pensilia Beauty Clinic","243790200","pensilia_clinic",,"C5mvbseJ01A",,,,,,,,,,,"2024-04-11T03:00:33.000Z","Image","https://www.instagram.com/p/C5mvbseJ01A/",,,,
,"Bạn đang gặp rắc rối với những nốt m.ụ.n đáng ghét? Đừng lo lắng, bạn không đơn độc! M.ụ.n là vấn đề phổ biến mà nhiều người gặp phải. Tuy nhiên, với phương pháp điều trị phù hợp, bạn hoàn toàn có thể lấy lại làn da mịn màng, tươi sáng. #BsNguyenPhuongThao #Điều_trị_mụn #Chăm_sóc_da #Làn_da_mịn_màng #tự_tin",,,,,,,,,,,,,,,,,,,,,,,,,,,,,,,,,,,,,,,,,,,,,,,,,,,,,,,,,"0","1920","1080","https://scontent-lhr8-1.cdninstagram.com/v/t51.29350-15/434537428_975027240916343_7359437781812830562_n.jpg?stp=dst-jpg_e35_p1080x1080_sh0.08&_nc_ht=scontent-lhr8-1.cdninstagram.com&_nc_cat=111&_nc_ohc=oo4Yt5X-TR8Ab5_Ex8n&edm=APs17CUBAAAA&ccb=7-5&oh=00_AfB_6-dTApTxKPBcQ1HlER1WXJvIFXl2Y_4gu5XhkRn_TQ&oe=662217B5&_nc_sid=10d13b","","BsNguyenPhuongThao","Điều_trị_mụn","Chăm_sóc_da","Làn_da_mịn_màng","tự_tin",,,,"3332677255728151177",,,,,"https://www.instagram.com/pensilia_clinic/","false","2","798734680312252","Pensilia",,"pensilia_clinic","441808511753229","false","","Original audio","true","Pensilia Beauty Clinic","243790200","pensilia_clinic","clips","C5ADE6KszqJ","Nguyen Phuong Thao","2218829640","false","https://scontent-lhr8-1.cdninstagram.com/v/t51.2885-19/361614228_1478778132939315_1258271908811566617_n.jpg?stp=dst-jpg_s150x150&_nc_ht=scontent-lhr8-1.cdninstagram.com&_nc_cat=103&_nc_ohc=QDDEcJthCoQAb7euWeA&edm=APs17CUBAAAA&ccb=7-5&oh=00_AfC0thN5CWZ4BgSqTlMLZyD0hZpN1AWJO6c039MSnDTfqw&oe=66262354&_nc_sid=10d13b","dr_nguyen_phuong_thao",,,,,,"2024-03-27T02:23:55.000Z","Video","https://www.instagram.com/p/C5ADE6KszqJ/","88.723","64","https://scontent-lhr8-1.cdninstagram.com/v/t66.30100-16/10000000_720614553620755_230613093096231399_n.mp4?_nc_ht=scontent-lhr8-1.cdninstagram.com&_nc_cat=107&_nc_ohc=_iGSSyCBmx4Ab5m6_Dv&edm=APs17CUBAAAA&ccb=7-5&oh=00_AfBU0wmZ3K2caprB6Z1uxjjC-zoBbRP1cG_ByQciwFhUoQ&oe=66221FEC&_nc_sid=10d13b","16"
"Photo by Pensilia Beauty Clinic in Pensilia. May be an image of 1 person and text that says 'PENSILIA BEAUTYCLINIC BEAUTY CLINIC CHÚC MỪNG NGÀY SỨC KHỎE THẾ GIỚI www.pensilia.com 0938777885 0938 777 885'.","💗 MỪNG NGÀY SỨC KHỎE THẾ GIỚI💗 
Bảo vệ sức khỏe chính là chìa khóa mở ra một cuộc sống hạnh phúc và vui vẻ! 

Sức khỏe là một tài sản vô giá. Khi chúng ta khỏe mạnh, chúng ta có thể làm mọi thứ mình muốn. Chúng ta có thể làm việc, học tập, vui chơi và tận hưởng cuộc sống bên gia đình và bạn bè.

Nhân dịp Ngày Sức khỏe Thế giới  Pensilia xin gửi lời chúc sức khỏe tốt đẹp nhất đến tất cả mọi người. Chúc cho mọi người luôn khỏe mạnh, hạnh phúc và tràn đầy năng lượng để tận hưởng cuộc sống.

Phòng khám cũng muốn gửi lời tri ân sâu sắc đến các y bác sĩ, những “thiên thần áo trắng” đã ngày đêm miệt mài, hy sinh thầm lặng để bảo vệ sức khỏe cho cộng đồng.

Một lần nữa, chúc cho tất cả mọi người luôn có sức khỏe tốt, hạnh phúc và bình an!
__________________________
HỆ THỐNG PHÒNG KHÁM DA LIỄU THẨM MỸ 𝗣𝗘𝗡𝗦𝗜𝗟𝗜𝗔
🍀 Chi nhánh Tp. Hồ Chí Minh: 413 - 415 Nguyễn Đình Chiểu, P.5, Quận 3, Tp.HCM.
➖ Hotline: 0924.777.885
🍀 Chi nhánh Đồng Nai: Tầng lửng TTC Plaza 53-55 Võ Thị Sáu, Tp.Biên Hòa, Đồng Nai.
➖ Hotline: 032.6666.247
🍀 Chi nhánh Vũng Tàu: 187 Lê Lợi, P.Thắng Nhì, Tp.Vũng Tàu, Bà Rịa Vũng Tàu.
➖ Hotline: 034.5555.247
____________________________
Hotline CSKH: 0️⃣9️⃣3️⃣8️⃣7️⃣7️⃣7️⃣8️⃣8️⃣5️⃣
🔸 Youtube: www.youtube.com/@PensiliaClinic
🔸 Fanpage: Pensilia
🔸 Instagram: www.instagram.com/pensilia_clinic
🔸 Website: pensilia.com 
#pensilia #pensiliahcm",,,,,,,,,,,,,,,,,,,,,,,,,,,,,,,,,,,,,,,,,,,,,,,,,,,,,,,,,"0","1080","1080","https://scontent.cdninstagram.com/v/t51.29350-15/435673391_398586642927550_5968047834556569287_n.jpg?stp=dst-jpg_e35&_nc_ht=scontent.cdninstagram.com&_nc_cat=110&_nc_ohc=Nkx6hUWRgJoAb771bLL&edm=APs17CUBAAAA&ccb=7-5&oh=00_AfAcyQxuEYUJx2bYUmmXnURgrbM0ITOva_Q8LtA3YyKrJg&oe=66261AEF&_nc_sid=10d13b","","pensilia","pensiliahcm",,,,,,,"3340748422050030608",,,,,"https://www.instagram.com/pensilia_clinic/","false","1","798734680312252","Pensilia","PensiliaClinic",,,,,,,"Pensilia Beauty Clinic","243790200","pensilia_clinic",,"C5cuP1kPSQQ",,,,,,,,,,,"2024-04-07T05:37:47.000Z","Image","https://www.instagram.com/p/C5cuP1kPSQQ/",,,,
,"Tiêm filler giá rẻ và giải đáp từ Bs da liễu Nguyễn Phương Thảo

#pensilia #filler",,,,,,,,,,,,,,,,,,,,,,,,,,,,,,,,,,,,,,,,,,,,,,,,,,,,,,,,,"0","1137","640","https://scontent.cdninstagram.com/v/t51.29350-15/272041421_1124808178322241_1151809378864575777_n.jpg?stp=dst-jpg_e35&_nc_ht=scontent.cdninstagram.com&_nc_cat=109&_nc_ohc=QAe1s3wLChwAb7sdC3H&edm=APs17CUBAAAA&ccb=7-5&oh=00_AfCaIMf3bITf1LATT_J0BztUrDY5X6ADDgBI3Ey6q6SeRw&oe=66221C10&_nc_sid=10d13b","","pensilia","filler",,,,,,,"2755984831585587853",,,,,"https://www.instagram.com/pensilia_clinic/","false","7",,,,,,,,,,"Pensilia Beauty Clinic","243790200","pensilia_clinic","igtv","CY_OZo9BhKN","Nguyen Phuong Thao","2218829640","false","https://scontent.cdninstagram.com/v/t51.2885-19/361614228_1478778132939315_1258271908811566617_n.jpg?stp=dst-jpg_s150x150&_nc_ht=scontent.cdninstagram.com&_nc_cat=103&_nc_ohc=QDDEcJthCoQAb59qYdi&edm=APs17CUBAAAA&ccb=7-5&oh=00_AfDclUv3-a-kRYmTqo0VCe81JwS7jOhzAqEo1OoDARwl8A&oe=66262354&_nc_sid=10d13b","dr_nguyen_phuong_thao",,,,,,"2022-01-21T09:59:23.000Z","Video","https://www.instagram.com/p/CY_OZo9BhKN/","163.533",,"https://scontent.cdninstagram.com/o1/v/t16/f1/m69/GICWmABnQJzIGEcCAAEDNXWY9cpZbvVBAAAF.mp4?efg=eyJxZV9ncm91cHMiOiJbXCJpZ193ZWJfZGVsaXZlcnlfdnRzX290ZlwiXSIsInZlbmNvZGVfdGFnIjoidnRzX3ZvZF91cmxnZW4uaWd0di5jMi41NzYuYmFzZWxpbmUifQ&_nc_ht=scontent.cdninstagram.com&_nc_cat=104&vs=965944130722757_2247942410&_nc_vs=HBksFQIYOnBhc3N0aHJvdWdoX2V2ZXJzdG9yZS9HSUNXbUFCblFKeklHRWNDQUFFRE5YV1k5Y3BaYnZWQkFBQUYVAALIAQAVAhg6cGFzc3Rocm91Z2hfZXZlcnN0b3JlL0dEMlpPaEMxOGIxek5YOEFBRDJXRjhxN29LOWdidlZCQUFBRhUCAsgBACgAGAAbAYgHdXNlX29pbAExFQAAJsjCxZ24mds%2FFQIoAkMzLBdAZHEOVgQYkxgSZGFzaF9iYXNlbGluZV8xX3YxEQB17AcA&_nc_rid=1a69849633&ccb=9-4&oh=00_AfC3468VpwbwvOhdLXeJiyFun61wh3WUKu_1Yal0gtGC8A&oe=66224A4F&_nc_sid=10d13b","196"
,"Trẻ hoá da với thermage 
#trehoada #pensilia",,,,,,,,,,,,,,,,,,,,,,,,,,,,,,,,,,,,,,,,,,,,,,,,,,,,,,,,,"0","853","480","https://scontent.cdninstagram.com/v/t51.29350-15/269996868_2966703196930733_5724893593009700908_n.jpg?stp=dst-jpg_e35&_nc_ht=scontent.cdninstagram.com&_nc_cat=105&_nc_ohc=WTPHt0cOjxoAb7UrLdD&edm=APs17CUBAAAA&ccb=7-5&oh=00_AfBPEZe_hKAnNMYVKQa6qP3kk2Jdbmkzs39uxdRV5sxJ5g&oe=6622477A&_nc_sid=10d13b","","trehoada","pensilia",,,,,,,"2736526085939564570",,,,,"https://www.instagram.com/pensilia_clinic/","false","4","798734680312252","Pensilia",,,,,,,,"Pensilia Beauty Clinic","243790200","pensilia_clinic","igtv","CX6F_n3BJAa",,,,,,,,,,,"2021-12-25T13:36:44.000Z","Video","https://www.instagram.com/p/CX6F_n3BJAa/","19.7",,"https://scontent.cdninstagram.com/o1/v/t16/f1/m69/GL_bFhDWLSmzWOgHANPfjVQX6MNRbvVBAAAF.mp4?efg=eyJxZV9ncm91cHMiOiJbXCJpZ193ZWJfZGVsaXZlcnlfdnRzX290ZlwiXSIsInZlbmNvZGVfdGFnIjoidnRzX3ZvZF91cmxnZW4uaWd0di5jMi40ODAuYmFzZWxpbmUifQ&_nc_ht=scontent.cdninstagram.com&_nc_cat=111&vs=1311639525974816_2403392426&_nc_vs=HBksFQIYOnBhc3N0aHJvdWdoX2V2ZXJzdG9yZS9HTF9iRmhEV0xTbXpXT2dIQU5QZmpWUVg2TU5SYnZWQkFBQUYVAALIAQAVAhg6cGFzc3Rocm91Z2hfZXZlcnN0b3JlL0dDVF9GQkMwaFAwRlZsUUJBTFRrVHVfQmRHNFJidlZCQUFBRhUCAsgBACgAGAAbAYgHdXNlX29pbAExFQAAJuLv%2BdO%2F9dNAFQIoAkMzLBdAM7MzMzMzMxgSZGFzaF9iYXNlbGluZV8xX3YxEQB17AcA&_nc_rid=062a62886b&ccb=9-4&oh=00_AfDhWLUPNXVSbldt5rehw-j9K4L9-NEG5sZELT67bNhrhg&oe=66224DC7&_nc_sid=10d13b","210"
,"KHÔNG ĐỂ QUÁ MUỘN MỚI NGHĨ ĐẾN L.ÃO H.OÁ ❗️❗️
Nhớ ngày 18, 20 tuổi dù có rửa mặt bằng nước lã qua ngày da cũng căng bóng, khỏe mạnh. Giờ đắp tám chục thứ, 7749 bước lên da ngốn hết nửa tháng lương da cũng “hên xui” chưa biết chừng 😞
Nếu bạn sắp 30, ngoài chăm sóc da tại nhà, bác sĩ da liễu khuyên bạn nên thực hiện thêm các liệu trình TRẺ HÓA KHÔNG XÂM LẤN. Vì sau 30 da sẽ già đi #rất_nhanh.
Pensilia có một số liệu trình #ngăn_ngừa_lão_hóa cho bạn đây: 
🌹 Trẻ hóa công nghệ RF: Kích thích sản sinh collagen từ sâu trong da, làm thon gọn mặt và trẻ hóa da không xâm lấn.
🌹 Công nghệ tái tạo màng đáy: #tái_tạo_da, khít lỗ chân lông, tăng sinh collagen tối đa. Bên cạnh việc khít lỗ chân lông thì sau điều trị da sáng, đều màu và săn chắc hơn.
🌹 Trẻ hóa, ngừa sạm nám laser Pico: Laser hiệu quả và an toàn trong xóa sắc tố, thâm mụn, làm sáng da mà không tổn thương, không tạo mày.
🌹 Tiêm căng bóng Mulgwang, bổ sung các loại acid amin, Hyaluronic, chất tăng trưởng vào sâu trong lớp trung bì giúp phục hồi da, duy trì làn da căng bóng khỏe mạnh.

Đặt lịch hẹn 0938 777 885

#trehoada #pensilia #phongkhamdalieu #bacsidalieu #bsnguyenphuongthao",,,,,,,,,,,,,,,,,,,,,,,,,,,,,,,,,,,,,,,,,,,,,,,,,,,,,,,,,"0","607","1080","https://scontent.cdninstagram.com/v/t51.29350-15/274016434_167132545641749_4506355065253859990_n.jpg?stp=dst-jpg_e15_fr_s1080x1080&_nc_ht=scontent.cdninstagram.com&_nc_cat=105&_nc_ohc=WN6CIbrAuWUAb7zUW_K&edm=APs17CUBAAAA&ccb=7-5&oh=00_AfC0eRwf-1ZZr3YKWQkbW43MaDjCUtYle7WkJ1kGxWuy-Q&oe=66223BB2&_nc_sid=10d13b","","rất_nhanh.","ngăn_ngừa_lão_hóa","tái_tạo_da,","trehoada","pensilia","phongkhamdalieu","bacsidalieu","bsnguyenphuongthao","2775293716330254524",,,,,"https://www.instagram.com/pensilia_clinic/","false","3","108600987972847","Pensilia Sài Gòn",,,,,,,,"Pensilia Beauty Clinic","243790200","pensilia_clinic","igtv","CaD0u5NPRC8",,,,,,,,,,,"2022-02-17T01:25:28.000Z","Video","https://www.instagram.com/p/CaD0u5NPRC8/","15",,"https://scontent.cdninstagram.com/o1/v/t16/f1/m69/GAMRUxAEUitA_DMBAGuxIAgkVUgibvVBAAAF.mp4?efg=eyJxZV9ncm91cHMiOiJbXCJpZ193ZWJfZGVsaXZlcnlfdnRzX290ZlwiXSIsInZlbmNvZGVfdGFnIjoidnRzX3ZvZF91cmxnZW4uaWd0di5jMi4xMjAwLmJhc2VsaW5lIn0&_nc_ht=scontent.cdninstagram.com&_nc_cat=106&vs=319167546921538_1795048922&_nc_vs=HBksFQIYOnBhc3N0aHJvdWdoX2V2ZXJzdG9yZS9HQU1SVXhBRVVpdEFfRE1CQUd1eElBZ2tWVWdpYnZWQkFBQUYVAALIAQAVAhg6cGFzc3Rocm91Z2hfZXZlcnN0b3JlL0dIVnVVaERhdzYwbmpHSUNBTmY4NnZ5clZLbDdidlZCQUFBRhUCAsgBACgAGAAbAYgHdXNlX29pbAExFQAAJsbbhNrPi9A%2FFQIoAkMzLBdALgAAAAAAABgSZGFzaF9iYXNlbGluZV8xX3YxEQB17AcA&_nc_rid=080ee64ddd&ccb=9-4&oh=00_AfAt0FbHfoMjPId1eoC69nj4wkV-4Gr2L8Nc5ED01u8qZQ&oe=66223D8C&_nc_sid=10d13b","116"
,"Trẻ hoá và làm hồng mới bằng laser bằng phòng khám da liễu Pensilia 
#pensilia #trehoadamoi",,,,,,,,,,,,,,,,,,,,,,,,,,,,,,,,,,,,,,,,,,,,,,,,,,,,,,,,,"0","1137","640","https://scontent.cdninstagram.com/v/t51.29350-15/270102455_687434222642572_6708882496780552842_n.jpg?stp=dst-jpg_e35&_nc_ht=scontent.cdninstagram.com&_nc_cat=104&_nc_ohc=JWfXbnVvCqAAb4JaioM&edm=APs17CUBAAAA&ccb=7-5&oh=00_AfCixfnRVMoFGlMdyguENzd91Ybo8kR7kjsbzZZqdWh27g&oe=662233B8&_nc_sid=10d13b","","pensilia","trehoadamoi",,,,,,,"2738579028893448804",,,,,"https://www.instagram.com/pensilia_clinic/","false","7","798734680312252","Pensilia",,,,,,,,"Pensilia Beauty Clinic","243790200","pensilia_clinic","igtv","CYBYx3-hzpk","Nguyen Phuong Thao","2218829640","false","https://scontent.cdninstagram.com/v/t51.2885-19/361614228_1478778132939315_1258271908811566617_n.jpg?stp=dst-jpg_s150x150&_nc_ht=scontent.cdninstagram.com&_nc_cat=103&_nc_ohc=QDDEcJthCoQAb5geA53&edm=APs17CUBAAAA&ccb=7-5&oh=00_AfDZkkS3f5yFSL5WxRX2RM1o_T5kRHHdxXeFX2YJ8s-9KQ&oe=66262354&_nc_sid=10d13b","dr_nguyen_phuong_thao",,,,,,"2021-12-28T09:38:08.000Z","Video","https://www.instagram.com/p/CYBYx3-hzpk/","29.7",,"https://scontent.cdninstagram.com/o1/v/t16/f1/m69/GNSOGRA9gvB8bo8EAC-gcoHCoPUpbvVBAAAF.mp4?efg=eyJxZV9ncm91cHMiOiJbXCJpZ193ZWJfZGVsaXZlcnlfdnRzX290ZlwiXSIsInZlbmNvZGVfdGFnIjoidnRzX3ZvZF91cmxnZW4uaWd0di5jMi41NzYuYmFzZWxpbmUifQ&_nc_ht=scontent.cdninstagram.com&_nc_cat=100&vs=652319772611372_1712835883&_nc_vs=HBksFQIYOnBhc3N0aHJvdWdoX2V2ZXJzdG9yZS9HTlNPR1JBOWd2QjhibzhFQUMtZ2NvSENvUFVwYnZWQkFBQUYVAALIAQAVAhg6cGFzc3Rocm91Z2hfZXZlcnN0b3JlL0dDUzdHaEQ2b2w3QlctNEVBRWhZNkltSm83Wk5idlZCQUFBRhUCAsgBACgAGAAbAYgHdXNlX29pbAExFQAAJsaUkfvL16pAFQIoAkMzLBdAPbMzMzMzMxgSZGFzaF9iYXNlbGluZV8xX3YxEQB17AcA&_nc_rid=b0a9dd2c80&ccb=9-4&oh=00_AfD40ymViKXG2tLIDw_LPfpObzbFR_2Ouq_pdjha3E08yA&oe=66221C46&_nc_sid=10d13b","123"
"Photo by Pensilia Beauty Clinic in Pensilia.","LIỆU TRÌNH SE KHÍT LÔ CHÂN LÔNG VÀ TÁI TẠO LÀN DA

Hình ảnh chúng ta có thể thấy rằng làn da của chị khách trước khi đến phòng khám có khá nhiều vấn đề như:
📍Da có tình trạng lão hóa rất rõ: chảy xệ, rãnh cười sâu
📍Nền da không đều màu, chỗ sạm chỗ sáng
📍Lỗ chân lông gần khu vực cánh mũi to và nhiều

Để khắc phục được những vấn đề trên, bác sĩ tại Pensilia đã đưa ra phác đồ kết hợp nhiều dòng công nghệ: Lase Đồng + Laser CO2 + Tái Tạo Màng Đáy. Song song với các công nghệ là hướng dẫn chị bôi thoa, chăm sóc da, điều chỉnh chế độ ăn uống tại nhà để làn da đáp ứng điều trị tốt hơn.

Để có được làn da như hiện tại chị đã rất kiên trì đi theo phác đồ này trong vòng 18 tháng. Để chị có thêm động lực, đội ngũ kỹ thuật viên, tư vấn viên đã động viên chị rất nhiều. Mỗi một lần thực hiện làn da sẽ có một sự thay đổi, có thể chúng ta soi gương mỗi ngày sẽ không nhận ra. Nhưng thực tế hình ảnh trước và sau thực hiện đã có sự biển chuyển rất lớn.

Chính vì vậy khách hàng đến với Pensilia đừng lo lắng về mặt thời gian và chi phí. Mỗi làn da có tính chất khác nhau, về khả năng đáp ứng điều trị cũng không giống nhau. Điều bạn cần làm nhất là chuẩn bị tinh thần thật tốt, tuân thủ theo hướng dẫn của bác sĩ và chờ đợi sự thay đổi tích cực của làn da nhé!

(Phác đồ và chi phí điều trị trên chỉ mang tính chất tham khảo. Mỗi khách hàng sẽ có phác đồ điều trị cá nhân hóa do chính bác sĩ da liễu tại Pensilia thăm khám và tư vấn.)",,,,,,,,,,,,,,,,,,,,,,,,,,,,,,,,,,,,,,,,,,,,,,,,,,,,,,,,,"0","750","750","https://scontent.cdninstagram.com/v/t51.29350-15/407983884_371970388659844_7815285422127363792_n.jpg?stp=dst-jpg_e15&_nc_ht=scontent.cdninstagram.com&_nc_cat=104&_nc_ohc=frchbRjd55cAb5RQBfp&edm=APs17CUBAAAA&ccb=7-5&oh=00_AfDMiRIRmqvt9veJmTNDmdtAMYKKOKRoZDpqdfrfbFxEqw&oe=66261E67&_nc_sid=10d13b","",,,,,,,,,"3251716224834811683",,,,,"https://www.instagram.com/pensilia_clinic/","false","2","798734680312252","Pensilia",,,,,,,,"Pensilia Beauty Clinic","243790200","pensilia_clinic",,"C0gaq2bpzcj",,,,,,,,,,,"2023-12-06T09:26:42.000Z","Image","https://www.instagram.com/p/C0gaq2bpzcj/",,,,
,"Má hóp, gò má cao thì nên làm gì để cải thiện ?
#pensilia #trehoada #tiemtangsinhcollagen #bsnguyenphuongthao",,,,,,,,,,,,,,,,,,,,,,,,,,,,,,,,,,,,,,,,,,,,,,,,,,,,,,,,,"0","1137","640","https://scontent.cdninstagram.com/v/t51.29350-15/269926249_280309494065668_8082874098098390808_n.jpg?stp=dst-jpg_e35&_nc_ht=scontent.cdninstagram.com&_nc_cat=104&_nc_ohc=2W18W-dDLPgAb4f32gt&edm=APs17CUBAAAA&ccb=7-5&oh=00_AfBsHFVda0acvqKnP6O6iN3EYS8AdAManT_SWCzk33zx_Q&oe=662228B6&_nc_sid=10d13b","","pensilia","trehoada","tiemtangsinhcollagen","bsnguyenphuongthao",,,,,"2736938093168235889",,,,,"https://www.instagram.com/pensilia_clinic/","false","2",,,,,,,,,,"Pensilia Beauty Clinic","243790200","pensilia_clinic","igtv","CX7jrHfhxVx",,,,,,,,,,,"2021-12-26T03:16:36.000Z","Video","https://www.instagram.com/p/CX7jrHfhxVx/","103.733",,"https://scontent.cdninstagram.com/o1/v/t16/f1/m69/GACZGhCoSZKe_YQBAExD4AlxJLhPbvVBAAAF.mp4?efg=eyJxZV9ncm91cHMiOiJbXCJpZ193ZWJfZGVsaXZlcnlfdnRzX290ZlwiXSIsInZlbmNvZGVfdGFnIjoidnRzX3ZvZF91cmxnZW4uaWd0di5jMi41NzYuYmFzZWxpbmUifQ&_nc_ht=scontent.cdninstagram.com&_nc_cat=107&vs=222163943420817_2183660529&_nc_vs=HBksFQIYOnBhc3N0aHJvdWdoX2V2ZXJzdG9yZS9HQUNaR2hDb1NaS2VfWVFCQUV4RDRBbHhKTGhQYnZWQkFBQUYVAALIAQAVAhg6cGFzc3Rocm91Z2hfZXZlcnN0b3JlL0dNR01HQkJuU3NUTk5aNEJBSEIwYU9GYWlsY1VidlZCQUFBRhUCAsgBACgAGAAbAYgHdXNlX29pbAExFQAAJuTZ19myms8%2FFQIoAkMzLBdAWe7peNT99BgSZGFzaF9iYXNlbGluZV8xX3YxEQB17AcA&_nc_rid=fa490a3863&ccb=9-4&oh=00_AfBkHpaUMl6ZPffsI6lwff1ANY8HAafY1U3Ec-kQdUTZ-Q&oe=66223E2C&_nc_sid=10d13b","71"
